,physician_name,physician_uuid
0,Dr. Rhys Jones,do748jx24e
1,Dr. Rosemary Begum,3lh45bpptj
2,Dr. Tracy Jones,u9rt8jqlfx
3,Dr. Debra Gill,0iurjdagtk
4,Dr. Daniel Davidson,q2sp7tglwl
5,Dr. Charles Hughes,m5jndlfy2s
6,Dr. Julia Hudson,qnbud0ne5r
7,Dr. Anne Thomas,au02mpfwzq
8,Dr. Patricia Scott,ri0ci4xm9s
9,Dr. Nicholas Murphy,cvsoy38kq1
10,Dr. Clare Simpson,zfe3rtkkhi
11,Dr. Donald Davies,xa1uj2mgue
12,Dr. Katie Hutchinson,x2wzhx0mda
13,Dr. Aimee Jordan,wyb0dxi6uf
14,Dr. Jeremy Roberts,atft5lxpnf
15,Dr. Stuart Daly,j0m4lo1p4n
16,Dr. Janet Morgan,qyb8alevgp
17,Dr. Andrew Naylor,sv2pyv5xvv
18,Dr. Stephen Payne,6vm4pgifme
19,Dr. Kayleigh Griffiths,cwa1qiuvun
20,Dr. Harriet Jennings,m2uuextvul
21,Dr. Nicola Smith,js1aarmcwk
22,Dr. Daniel Fisher,cr1jg8gs97
23,Dr. Marie Wood,xqeidji8cj
24,Dr. Kayleigh Macdonald,l6ib4meol6
25,Dr. Amelia Morris,08ufrqwg36
26,Dr. Kayleigh Hardy,rm66z54o4d
27,Dr. Christine Turner,ichfrsjhs6
28,Dr. Dawn Martin,0blt0njlru
29,Dr. Jade Hill,3yam6filjx
30,Dr. Kirsty Brown,0dkkh93ckn
31,Dr. Trevor Davies,ntt1g0awmm
32,Dr. Pamela Hargreaves,4ie03zo8nn
33,Dr. David Cooper,j8dfiwek7q
34,Dr. Suzanne Johnson,safmo1kous
35,Dr. Connor Allan,ncgim3hik0
36,Dr. Martin Evans,k92jirh9b5
37,Dr. Kirsty Martin,o9wbwoo65y
38,Dr. Elizabeth Barnes,z34wnhvt8r
39,Dr. Dominic Warner,btvt1wluj3
40,Dr. Patricia Shaw,58f7dl2d9z
41,Dr. Gail James,mlmgifdd8q
42,Dr. Vincent Hunter,p84rvo8lmi
43,Dr. Eric Martin,y48smtmuuc
44,Dr. Mohamed Birch,beu8fe5h3r
45,Dr. Wendy Hawkins,qud37en42l
46,Dr. Leanne Davis,c0xiw5nwjd
47,Dr. Lindsey Mitchell,zl7ptp6zzo
48,Dr. Katherine Bradshaw,nbxaanlazo
49,Dr. Elaine Ahmed,n153mhxyp7
50,Dr. Glenn Reed,1d4naqk6fl
51,Dr. Gavin Turner,2utn71wc23
52,Dr. Ashley Kelly,r7afv9gm7f
53,Dr. George Murphy,fqqviuj6jz
54,Dr. Dorothy Atkinson,2a6dca4p61
55,Dr. Connor Butler,x8p2de6njl
56,Dr. Charlene McCarthy,vip0ivh0c2
57,Dr. Eric Wood,l4w9p8x82i
58,Dr. Anna Cross,pev16ji8k4
59,Dr. Charlotte Pearson,dxkmjkjeod
60,Dr. Victor Watkins,i24ds1d5j2
61,Dr. Simon Austin,xqf6vx2mln
62,Dr. Rachael Booth,qboev9j4ez
63,Dr. Cameron Bibi,3h5bok4wni
64,Dr. Jason Bray,dg423yyy2n
65,Dr. Luke Williams,4x111u0tfx
66,Dr. Vincent Hughes,hdmvndknn7
67,Dr. Dominic Ellis,t913jfj8z2
68,Dr. Jodie Ross,1phxnylavb
69,Dr. Debra Buckley,8yezq1j4u0
70,Dr. Ben Saunders,i0hrwvmmyi
71,Dr. Clare Baker,rk2pjjwkpg
72,Dr. Sian Harris,r922imswhl
73,Dr. Jade Murphy,2ilhp9kvzs
74,Dr. Gregory Ashton,aarb1uze9c
75,Dr. Jenna Mills,wrc274dgck
76,Dr. Angela Morton,k3cvuvfyjy
77,Dr. Nicola Lambert,s9qu8235nw
78,Dr. Terry Reynolds,oopkki39ln
79,Dr. Gavin Bennett,ac71sr9szy
80,Dr. Julia Nelson,fusirfaii7
81,Dr. Clifford Morris,q7avcdyc1c
82,Dr. Emily Khan,lovccdjopt
83,Dr. Peter Gray,imxgi552jm
84,Dr. Charlotte White,8iqulyya4i
85,Dr. Danielle Warner,982syo2w6f
86,Dr. Max Davey,zuycr9umhl
87,Dr. Brenda Allen,okbef6s4r8
88,Dr. Glenn Johnson,d9f55w7nxf
89,Dr. Elaine Collins,g2b7ogdtul
90,Dr. Melissa Fuller,7h9rrdqtqz
91,Dr. Stephanie Carter,0xcakfdmnr
92,Dr. Clifford Jordan,8h2bq426dc
93,Dr. Antony Woods,ilkfpoxn8k
94,Dr. Stephanie Wright,sap3ds0i95
95,Dr. Jordan Lawrence,u3etp0uvyz
96,Dr. Stephen Hunt,i9pdkcixhd
97,Dr. Molly Oliver,anzmnf2yh4
98,Dr. Neil Adams,y4vmygidgt
99,Dr. Elliott Price,uh580p3498
100,Dr. June Smith,xiv5u5ic6o
101,Dr. Hazel Pope,oryxj3pcx1
102,Dr. Alison Abbott,udpaq9kyce
103,Dr. Leslie Hill,tfbvkip5ds
104,Dr. Fiona Dixon,3d8vifyhq9
105,Dr. Connor Nicholls,tmgjgji0gs
106,Dr. Josh Leach,6ashkvn2v2
107,Dr. Danny Welch,35u1a8azch
108,Dr. Trevor Ford,ul6hjkfg9b
109,Dr. Lynne Wilson,7d14irl3dz
110,Dr. Kate Roberts,2khxtl8neo
111,Dr. Jake Fry,l901ihhl6h
112,Dr. Lindsey May,y74oxwa6xk
113,Dr. Kenneth Richards,2m6x2t6h77
114,Dr. Caroline Bailey,k0anx065pb
115,Dr. Mathew Morton,r30spx8uvv
116,Dr. Antony Walton,4a4p8r9634
117,Dr. Kirsty Mason,bzldtepshp
118,Dr. Peter Jones,1nw7jiqg9k
119,Dr. Shaun Hawkins,gw3auyndm3
120,Dr. George Dawson,kfnecpzce9
121,Dr. Tom Horton,n25gy2set2
122,Dr. Abdul Hutchinson,7swjllszli
123,Dr. Guy Nicholls,tnumxnhjxy
124,Dr. Tina Bartlett,44vvc2klxi
125,Dr. Tom Taylor,a871j31mj7
126,Dr. Lisa Thomas,vz2az2vucx
127,Dr. Catherine Butler,mvc8kyeduu
128,Dr. Samantha Shepherd,3s3wpg4aj9
129,Dr. Aimee Woodward,2py05l49is
130,Dr. Jamie Mistry,8kmt9te2dk
131,Dr. Scott Potter,x8ntasw8d0
132,Dr. Natasha Haynes,elsd4byf6u
133,Dr. Teresa Dixon,6vnq8h0cuk
134,Dr. Wayne Smith,hvqd2mjakc
135,Dr. Jeremy Mason,dq8xeu1koe
136,Dr. Nicole Quinn,elkzfk3v9m
137,Dr. Lorraine Ford,v5wf9cujoa
138,Dr. Abdul Gardner,uhuq75wixq
139,Dr. Rachel Scott,2bqsaq074v
140,Dr. Leanne Whitehouse,11qqt3zy8o
141,Dr. Angela Parsons,bmgd5w0tsv
142,Dr. Antony Patterson,y7qmhsap09
143,Dr. Amanda Boyle,2tnz74cqj6
144,Dr. Charlie Lewis,oeegzfmm5y
145,Dr. Mandy Jackson,sin14fg2ku
146,Dr. Gregory Fleming,h2ele4ywvy
147,Dr. Charlotte Griffiths,6o9qb3zudo
148,Dr. Brian Brookes,x12tyaiykt
149,Dr. Tracy Cox,ufo1bwps13
150,Dr. Frederick Hughes,025oimz56z
151,Dr. Naomi Graham,te0gpniyux
152,Dr. Katherine Miah,5vbyrg0vss
153,Dr. Carol Tyler,b8gj21qzyk
154,Dr. Antony Thomas,ip80pmi0e0
155,Dr. Susan Stanley,tkuyamvzm9
156,Dr. Sam Abbott,agt558oa82
157,Dr. Julia Harris,7j8us8sn38
158,Dr. Reece Edwards,s9ny8on7c9
159,Dr. Abbie Thornton,5045586q4c
160,Dr. Mathew Burns,l8zpz3cnez
161,Dr. Joanna Gordon,psavbt2dsd
162,Dr. Georgina Hodgson,ym4cswd4ox
163,Dr. Mitchell Stevens,hitbausyrn
164,Dr. Mohamed Price,czwfozecct
165,Dr. Mary Sullivan,4r5sgdikbo
166,Dr. Bethan Adams,2ehmcvu8u5
167,Dr. Norman Ryan,mc296wlqbm
168,Dr. Sharon Harris,vure3t3v11
169,Dr. David Edwards,oqqb244j3i
170,Dr. Jamie Smith,mh1h9r88di
171,Dr. Neil Ali,qwdrrldj8l
172,Dr. Teresa Hughes,2sm1omh53c
173,Dr. Georgina Stevens,sh7ubsyae5
174,Dr. Kirsty Hartley,rs0ba4lxlw
175,Dr. Craig Page,ij2843p4ov
176,Dr. Charlie Weston,v6nk71si7u
177,Dr. Howard Parry,rjrmqljevd
178,Dr. Hazel Andrews,4gx7lawadd
179,Dr. Roy Sanders,2ebedz4nfe
180,Dr. Dorothy Thomson,63gef2xs8x
181,Dr. Pauline Mitchell,56pk4clxe1
182,Dr. Joshua Smith,jvkvaebvh4
183,Dr. Ruth Smith,v0b9pgj05c
184,Dr. Joanne Smith,cx79cesj7p
185,Dr. Clare Mitchell,qu2a4sytdf
186,Dr. Christopher Armstrong,6hufgcp7bn
187,Dr. Jenna Shaw,iy32u77cfk
188,Dr. Charlene Morton,629gsi6tg9
189,Dr. Tracy Morgan,0qfc871cve
190,Dr. Lynda Holden,bf960ufx6l
191,Dr. Natalie Newton,und8e6miwv
192,Dr. Guy Byrne,wdh484c9yn
193,Dr. Sheila Johnson,h7jozi45q1
194,Dr. Anne West,3voti1iesk
195,Dr. Rosemary Turner,jrncalww0m
196,Dr. Leigh Murphy,hnvncb8hlw
197,Dr. Elliot Ward,8m4jmt0yui
198,Dr. Philip Watts,d89aij8non
199,Dr. Garry Price,8l6f2prmp5
200,Dr. Matthew Parsons,mb508pov6h
201,Dr. Carly Goodwin,8p7nm5vezq
202,Dr. Joanne Hurst,ytcpo8h7s1
203,Dr. Robin Byrne,dnz8704nk6
204,Dr. Jayne Smith,k6zd3ljiaq
205,Dr. Brett Hughes,nk6iml3wme
206,Dr. Marc Warren,jcdg0yr6b7
207,Dr. Denise Bartlett,9fv36tli5a
208,Dr. Allan Martin,nkavx8lpfo
209,Dr. Naomi Ross,dqp5e9ngk0
210,Dr. Guy Mann,nc5l31z4jo
211,Dr. Eileen Williams,loxd2osci6
212,Dr. Annette Bell,orzms4vbju
213,Dr. Shane Abbott,ubqs8sly7e
214,Dr. Antony Herbert,aaa7w7wd3e
215,Dr. Joel Martin,acfsnk1quo
216,Dr. Mandy Freeman,3gy61zi9tr
217,Dr. Shirley Page,0ub9q6jnub
218,Dr. Leah Martin,ge06y0t3gf
219,Dr. Annette Hart,q3b444dfyp
220,Dr. Tom Potts,lzh4euo8xl
221,Dr. Gail Holmes,7bebm40leh
222,Dr. Thomas Murphy,37q68v7011
223,Dr. Joel Fletcher,hpwqh8oo6y
224,Dr. Dean Hayes,xadchqaa3w
225,Dr. Eileen Kay,f346zxyuli
226,Dr. Carole Brady,fxsl9l4flk
227,Dr. Alan Walsh,xn68ft7nzo
228,Dr. Martin Kelly,vqnkppfu87
229,Dr. Stephanie Campbell,7v9ayvugs1
230,Dr. Carol Riley,nnj0geiyld
231,Dr. Holly Howe,19mcsumbxz
232,Dr. Eileen Robinson,1zvowxutbs
233,Dr. Clive Reed,3xxuh1soyt
234,Dr. Katie May,qozjiodih8
235,Dr. Joan Turner,4udxwzisi6
236,Dr. Dawn Atkins,5ttgmh15fh
237,Dr. Joan Chandler,ckayeclerj
238,Dr. Charles Mitchell,he7h6fw6kh
239,Dr. Kathleen Khan,byhrmubm7l
240,Dr. Joanna White,av0bzzvzwg
241,Dr. Matthew Joyce,sa2kgc83fj
242,Dr. Dennis Walton,0z6wpgz9i6
243,Dr. Jeffrey Gardner,xz45xplbb2
244,Dr. Shaun Gibson,v9vpq95c5t
245,Dr. Lucy Hargreaves,7k8fm48vot
246,Dr. Justin Jackson,awtezj686t
247,Dr. Ashleigh King,js92padvs9
248,Dr. Daniel Hussain,c3tyg0fy1d
249,Dr. Alison Garner,oaq24b9h5c
250,Dr. Jill Singh,jph1eild5u
251,Dr. Wendy Roberts,yx0zz17etj
252,Dr. Bethany Bell,vnl78vknyg
253,Dr. Stephanie Davies,mt8wax7fzl
254,Dr. Jane Barnett,7l587wmkvt
255,Dr. William Fraser,4c2pel9dko
256,Dr. Darren Gibbons,ayp9rppkb3
257,Dr. Ross Martin,e973wjfluz
258,Dr. Karl Jones,0x1pks064s
259,Dr. Jacqueline Wilkinson,br2wjskgil
260,Dr. Dale Price,i3sbw7kjv5
261,Dr. Jane Bailey,pwhruvedr6
262,Dr. Howard Woodward,2u1siwpbot
263,Dr. Michael Moore,xoepie033x
264,Dr. Harry Rogers,2com2chdnr
265,Dr. Brian Morris,kstnxiaf54
266,Dr. Margaret Booth,z9yfyybgsh
267,Dr. Declan Jarvis,zv2vy1so81
268,Dr. Carolyn Moore,0mzlaasc2j
269,Dr. Declan Fraser,3kzcrjy95l
270,Dr. Keith Wood,d9uj8yxg3q
271,Dr. Darren Morris,rl0xo3xiat
272,Dr. Joyce Iqbal,er80d1izs6
273,Dr. Douglas Brown,0hldi6kcdh
274,Dr. Kimberley Humphreys,zie722lgym
275,Dr. Deborah Hancock,94wtvlvkmr
276,Dr. Richard Duffy,tpcg0ux8kl
277,Dr. Aimee Clements,n87sfj4j99
278,Dr. Edward O'Brien,u5n9j8iwp5
279,Dr. Naomi Clarke,feefm6682j
280,Dr. John Fletcher,rcxwslfj8q
281,Dr. Chloe Field,v3qm7qve3a
282,Dr. Hayley Austin,c2t95ft3ip
283,Dr. Georgia Gill,66508y9ewi
284,Dr. Chelsea Perry,4rg6vi7umo
285,Dr. Robert Joyce,813dp972jk
286,Dr. Diana Holmes,up1i2focdh
287,Dr. Billy Williamson,vgt8xp42u2
288,Dr. Katy Owens,2zihgkqmb3
289,Dr. Gerald Taylor,4h3c6gu08u
290,Dr. Fiona Finch,5msoc435er
291,Dr. Stephanie Smith,d8eeix5yww
292,Dr. Matthew Riley,6uq55ke6ck
293,Dr. Kate Burgess,5t386qh233
294,Dr. Sean Frost,xllt09cntk
295,Dr. Katherine Shaw,8hramv970t
296,Dr. Charles Welch,80h343jd50
297,Dr. Paula Hicks,sknz3ewehx
298,Dr. Ashleigh Long,dukzejd7dn
299,Dr. Jeffrey Simpson,dtgp2maug3
300,Dr. Craig Clarke,275p2679r2
301,Dr. Claire Fisher,3g6q2118q4
302,Dr. Elaine Clark,udh2h9cjk9
303,Dr. Kayleigh Price,gfnlha7by7
304,Dr. Lydia Morton,km56v613d5
305,Dr. Geoffrey Thompson,06z1xh2f59
306,Dr. Alexandra Newton,bdmvsuiivn
307,Dr. Judith Jones,ku12y1lud6
308,Dr. Clare Quinn,hlz6kjeccj
309,Dr. Norman Barlow,k0lfzps8h8
310,Dr. Stewart Foster,yijvsjfxk4
311,Dr. Clare Brookes,6y1rwqrg45
312,Dr. Julia Parry,v29n67txoc
313,Dr. Jessica Green,tez2opmpkq
314,Dr. Callum Jones,kida6c0urz
315,Dr. Cheryl Bell,bdojr28319
316,Dr. Joanna Griffin,z9ryucgwaq
317,Dr. Ricky Simpson,43bhh7ctmt
318,Dr. Leon Kirk,0lcqqpqbmv
319,Dr. George Patel,402n59bei1
320,Dr. Keith Scott,twbxmaxd2j
321,Dr. Sean Wilson,a7kuey31zc
322,Dr. Donna Page,npoo9xksdo
323,Dr. Danielle Mills,bwy54qcjc7
324,Dr. Stephen Jones,iolon5gpra
325,Dr. Donald Fisher,qgdqh4k9l6
326,Dr. Max Nash,om60k3ofqk
327,Dr. Phillip Anderson,k0sw39xf93
328,Dr. Jeremy O'Brien,iyk8y7bty4
329,Dr. Cameron Ball,4yh5n07zpz
330,Dr. Reece Arnold,mgernhgs0z
331,Dr. Donald Booth,h7t6wfol26
332,Dr. Malcolm Todd,gg3u826fqv
333,Dr. Denis Evans,avbgy5af3j
334,Dr. Cameron Bishop,36ek7d4w0g
335,Dr. Tracey Perkins,mjwh3gbr3h
336,Dr. Eric Hargreaves,12kywjk5fm
337,Dr. Oliver Thomas,p8h7ph4zwb
338,Dr. Lynda Lee,sdpdpomxa0
339,Dr. Joanne Mills,daacrv1trn
340,Dr. Billy Howell,yj0spowag0
341,Dr. Lee Cooper,fp5jci6jtk
342,Dr. Joyce Ward,h14ejtpft9
343,Dr. Glen Bibi,fnb6m25ahr
344,Dr. Max Bishop,2hxs38j0iv
345,Dr. Rita Pollard,ovx2sonli4
346,Dr. Kieran Holden,32nbx34wxh
347,Dr. Tom Davies,io76049507
348,Dr. Damian Williams,ze4er6j12f
349,Dr. Joe Bennett,krnubg07si
350,Dr. Francesca Cooper,c4qeivlvsz
351,Dr. Charlie Bryan,b5s5k7znl2
352,Dr. Thomas Weston,t2130z9sdb
353,Dr. Jessica Duncan,d5tzon3wv0
354,Dr. Colin Stewart,hoc0k59x9m
355,Dr. Jasmine Sanderson,q65ogudpgf
356,Dr. Margaret Collins,mclmj2n5jb
357,Dr. Cameron Martin,ixf1riohe9
358,Dr. Lewis Sykes,vxhqcy5jf0
359,Dr. Megan Lewis,b9kogaru7b
360,Dr. Ian Sharp,j4vr595h88
361,Dr. Kieran Lee,i4fa3gl9qf
362,Dr. Lynn Chandler,3xilge0myl
363,Dr. Danny Ball,vf1smbxlkt
364,Dr. Jenna Dawson,j3zzrpx6eb
365,Dr. Ellie Bailey,e7b2m323vj
366,Dr. Gareth Tucker,u8zmiljkwi
367,Dr. Natalie Clarke,wzameq9pfv
368,Dr. Catherine Hunt,poyiyya8ce
369,Dr. Maurice Fry,t63r8lvk9v
370,Dr. Susan Foster,4x9y06f2ov
371,Dr. Jordan Talbot,yc4i13heoc
372,Dr. Julian Roberts,2ku0cg0zcx
373,Dr. Jason Taylor,6ir9befsmi
374,Dr. Patrick Douglas,oys0l9vb9o
375,Dr. Edward Palmer,nitgkclqus
376,Dr. Oliver Robinson,unv8ywkrb8
377,Dr. Patrick Gill,qgj8ilpqim
378,Dr. Samantha Stephenson,now2y6clw0
379,Dr. June Bartlett,1bd8pbsog3
380,Dr. Owen Taylor,if7b227a1t
381,Dr. Jake Warren,7lcsa8wfte
382,Dr. Robert Bell,4bbytz9uot
383,Dr. Naomi Price,d8vx1wib4t
384,Dr. Alice Davies,9410xf8inp
385,Dr. Francesca Schofield,xnvcmd7uf7
386,Dr. Joseph Jones,0kj8yn25tw
387,Dr. Brandon Allen,7w4tlx56gj
388,Dr. Julian Gordon,j6k9oq4yuk
389,Dr. Bethany Elliott,cmwkvrcsga
390,Dr. Marcus Newman,l1q6zb2f04
391,Dr. Keith Cooper,7xqrw4x706
392,Dr. Rosie Kennedy,4lk7nckjkk
393,Dr. Elaine Cartwright,7zm1k49mbk
394,Dr. Mohammad Mason,ywh9c2miv1
395,Dr. Kelly Russell,w3i6e97yhr
396,Dr. Rosie Collier,xnsuwwwahq
397,Dr. Carol Adams,gw5bx6x9ec
398,Dr. Justin Godfrey,i81h6y9zxg
399,Dr. Charlie Davies,wsgx1leu1q
400,Dr. Carole Craig,jbcv8a2roi
401,Dr. Jeffrey Holmes,j3ogusimo7
402,Dr. Laura Richardson,s5gp7d17ow
403,Dr. Kathryn Brown,bq1cjqe92a
404,Dr. Ricky Holmes,9vbd362t9l
405,Dr. Stephanie Davies,spmf45v5na
406,Dr. Glenn Walsh,ili1pz59sf
407,Dr. Carol Edwards,jodtladtn4
408,Dr. George Henderson,6291b6rzwd
409,Dr. Stuart Baker,uvw1lz7fcg
410,Dr. Jodie Jackson,h7jh0bufxt
411,Dr. Jack Bolton,5n6odqihme
412,Dr. Debra Harris,i65c1axt80
413,Dr. Katie Baldwin,0wu2sevduj
414,Dr. Ann Pope,xzenkczr0k
415,Dr. Raymond Bennett,4ba8124cwq
416,Dr. Keith Ellis,ill1nimjn1
417,Dr. Rebecca Wilson,jzr89r12ah
418,Dr. Aaron Harrison,7ksve2a8uk
419,Dr. Stewart Rogers,kinykv18rh
420,Dr. Timothy Taylor,qb93j2knc6
421,Dr. Megan Williams,4dzt2p87ke
422,Dr. Judith Hale,hh2fj1o229
423,Dr. Kirsty Dunn,5p6x1vk99q
424,Dr. Rachel Stanley,0vc579ii2l
425,Dr. Dennis Cooper,ytcntpvsm4
426,Dr. Hollie Webb,kqy6ck6nx6
427,Dr. Mary Wright,7u7pcarfxe
428,Dr. Charlie Allen,d0xvwguo7l
429,Dr. Iain Thomas,wow42369yi
430,Dr. Judith Alexander,he9u4sk4t3
431,Dr. Rebecca Thompson,d51c4dyq42
432,Dr. Sheila Sullivan,y21efaipqh
433,Dr. Abdul Bray,63c32u5sob
434,Dr. Craig Moore,47liui1f3q
435,Dr. Anthony Reed,qvb2mlqwsf
436,Dr. Jake Williams,wigk8n11uq
437,Dr. Cheryl Gregory,052qlohc3f
438,Dr. Lisa Mitchell,i5jv0n81gl
439,Dr. Andrea Smith,tduajhq661
440,Dr. Glen Goodwin,dbe6ieczh0
441,Dr. Brenda Barton,gzfmwehrrs
442,Dr. Dale Fletcher,0n6tpmf7vd
443,Dr. Paula Smith,4ushwyzxu7
444,Dr. Adrian Johnson,f6d32bt3cw
445,Dr. Marilyn Coates,hkp3o8knp6
446,Dr. Julian Fox,ci2hz4pnjh
447,Dr. Deborah Brennan,m0z96aohw8
448,Dr. Rosemary Dyer,h2qdtxrd53
449,Dr. Gerald Gough,1s7e3errg2
450,Dr. Brenda Clarke,vz8yhdz1jc
451,Dr. Victor Burton,84n48x6tjp
452,Dr. Beverley Dawson,l27hko7hai
453,Dr. Nathan Turner,gqlaoyxoia
454,Dr. Kerry Kay,6xn85i1ham
455,Dr. Joshua Jordan,pbouqoh45f
456,Dr. Natasha Green,o5wql39o80
457,Dr. Luke Evans,74c75x6eww
458,Dr. Trevor Reed,9n908atxjt
459,Dr. Elliot Roberts,t3lsbxicwz
460,Dr. Ruth Williams,or4ohz0b8t
461,Dr. Ross Briggs,68m9kio18h
462,Dr. Kerry Coates,qq1r6jmgjv
463,Dr. Marilyn Whitehead,ua10h5dsvl
464,Dr. Darren Hughes,mnoav3rw7w
465,Dr. Donna Butler,qimf9o74rh
466,Dr. Francis Turner,npk6y6qjps
467,Dr. Clifford Rowe,6jrii91oht
468,Dr. Julia Joyce,ffpa9r09xf
469,Dr. Bryan King,y96ycrwkkh
470,Dr. Jeffrey Clark,4cmi3wn1kt
471,Dr. David Weston,ty3cxxidzi
472,Dr. Duncan Wright,vul6oy4uv7
473,Dr. Amelia Cook,4biyt0gw8q
474,Dr. Deborah Hammond,ok03ofy8c2
475,Dr. Gerald Singh,tl2yl4u5ii
476,Dr. Lisa Davis,wcu34juzz3
477,Dr. Frederick Greenwood,zx9c19dzor
478,Dr. Gavin Jones,b1jbxzrh2g
479,Dr. Jay Sanders,a4k1eyydcj
480,Dr. Amelia Hussain,txv5ofqwp8
481,Dr. Norman Thompson,xjw7tiaqc8
482,Dr. Ann Simpson,mwff4vxhid
483,Dr. Cheryl Kirk,b6b12qp2qq
484,Dr. Josh Wright,kaknmsq8zu
485,Dr. Jill Daniels,1mjdb3tygb
486,Dr. Maria Donnelly,gsk8sqct6e
487,Dr. Bruce Kennedy,5i9jwtwd4r
488,Dr. Sharon Atkins,nj4i4heky5
489,Dr. Abdul Wilkinson,ya4xqjp9o4
490,Dr. Jennifer Robinson,3auqb5ofwr
491,Dr. Keith Ferguson,yu0svly081
492,Dr. Ann Ward,d4lr44liik
493,Dr. Samuel Bray,fmem7wb0l8
494,Dr. Lauren Smith,s5t5uplpn5
495,Dr. Maurice Clark,i6crx73v1l
496,Dr. Andrew Norris,qma08ndra5
497,Dr. Ian Holmes,a3szrc8qic
498,Dr. Malcolm Clarke,527nfiiypd
499,Dr. Tony Begum,0nbo0pmgco
